{"cameraMode":{"drawMode":0,"name":"Shaded","section":"Shading Mode"},"sceneLighting":true,"audioPlay":false,"sceneViewState":{"m_AlwaysRefresh":false,"showFog":true,"showSkybox":false,"showFlares":true,"showImageEffects":true,"showParticleSystems":true,"showVisualEffectGraphs":true,"m_FxEnabled":true},"in2DMode":false,"pivot":{"x":4.855645656585693,"y":-3.789914608001709,"z":-0.27417635917663576},"rotation":{"x":-0.05276915803551674,"y":0.024560585618019105,"z":-0.0012983458582311869,"w":-0.9983034133911133},"size":0.9066013693809509,"orthographic":false}