{"cameraMode":{"drawMode":0,"name":"Shaded","section":"Shading Mode"},"sceneLighting":true,"audioPlay":false,"sceneViewState":{"m_AlwaysRefresh":false,"showFog":true,"showSkybox":false,"showFlares":true,"showImageEffects":true,"showParticleSystems":true,"showVisualEffectGraphs":true,"m_FxEnabled":true},"in2DMode":false,"pivot":{"x":5.573716640472412,"y":-3.1109731197357179,"z":-0.3412752151489258},"rotation":{"x":-0.05124323442578316,"y":-0.04133641719818115,"z":0.0021227141842246057,"w":-0.9978280663490295},"size":3.1848032474517824,"orthographic":false}