{"cameraMode":{"drawMode":0,"name":"Shaded","section":"Shading Mode"},"sceneLighting":true,"audioPlay":false,"sceneViewState":{"m_AlwaysRefresh":false,"showFog":true,"showSkybox":false,"showFlares":true,"showImageEffects":true,"showParticleSystems":true,"showVisualEffectGraphs":true,"m_FxEnabled":true},"in2DMode":false,"pivot":{"x":-8.015106201171875,"y":-3.002047061920166,"z":-4.394004821777344},"rotation":{"x":-0.00005982274524285458,"y":0.9999282956123352,"z":-0.010499708354473114,"w":-0.005703543778508902},"size":7.360160827636719,"orthographic":false}