{"cameraMode":{"drawMode":0,"name":"Shaded","section":"Shading Mode"},"sceneLighting":true,"audioPlay":false,"sceneViewState":{"m_AlwaysRefresh":false,"showFog":true,"showSkybox":false,"showFlares":true,"showImageEffects":true,"showParticleSystems":true,"showVisualEffectGraphs":true,"m_FxEnabled":true},"in2DMode":false,"pivot":{"x":10.671955108642579,"y":-1.8455870151519776,"z":2.196528673171997},"rotation":{"x":-0.05124323442578316,"y":-0.04133641719818115,"z":0.0021227141842246057,"w":-0.9978280663490295},"size":2.9028749465942385,"orthographic":false}