{"cameraMode":{"drawMode":0,"name":"Shaded","section":"Shading Mode"},"sceneLighting":true,"audioPlay":false,"sceneViewState":{"m_AlwaysRefresh":false,"showFog":true,"showSkybox":false,"showFlares":true,"showImageEffects":true,"showParticleSystems":true,"showVisualEffectGraphs":true,"m_FxEnabled":true},"in2DMode":false,"pivot":{"x":-2.213536024093628,"y":-3.2791457176208498,"z":-2.3628830909729006},"rotation":{"x":0.007962931878864766,"y":-0.9799415469169617,"z":0.19507543742656709,"w":0.04000035673379898},"size":3.6396913528442385,"orthographic":false}